[{"model": "admin.logentry", "pk": 1, "fields": {"action_time": "2022-05-29T08:44:22.093Z", "user": 2, "content_type": 6, "object_id": "2", "object_repr": "Preeti Chib", "action_flag": 2, "change_message": "[{\"changed\": {\"fields\": [\"First name\", \"Last name\", \"Gender\"]}}]"}}, {"model": "admin.logentry", "pk": 2, "fields": {"action_time": "2022-05-30T08:44:37.128Z", "user": 1, "content_type": 6, "object_id": "1", "object_repr": "Hardeep Kumar", "action_flag": 2, "change_message": "[{\"changed\": {\"fields\": [\"First name\", \"Last name\", \"Gender\"]}}]"}}, {"model": "admin.logentry", "pk": 3, "fields": {"action_time": "2022-06-18T07:48:59.840Z", "user": 1, "content_type": 14, "object_id": "1", "object_repr": "BIOLOGY", "action_flag": 1, "change_message": "[{\"added\": {}}]"}}, {"model": "admin.logentry", "pk": 4, "fields": {"action_time": "2022-06-18T07:50:37.542Z", "user": 1, "content_type": 10, "object_id": "1", "object_repr": "BIOLOGY", "action_flag": 1, "change_message": "[{\"added\": {}}]"}}, {"model": "admin.logentry", "pk": 5, "fields": {"action_time": "2022-06-18T14:51:29.298Z", "user": 1, "content_type": 10, "object_id": "3", "object_repr": "BIOLOGY", "action_flag": 2, "change_message": "[{\"changed\": {\"fields\": [\"Teacher\", \"Course\", \"College\"]}}]"}}, {"model": "admin.logentry", "pk": 6, "fields": {"action_time": "2022-08-07T12:04:21.031Z", "user": 1, "content_type": 7, "object_id": "3", "object_repr": "Government Gandhi Memorial Science College", "action_flag": 2, "change_message": "[{\"changed\": {\"fields\": [\"Hod\"]}}]"}}, {"model": "admin.logentry", "pk": 7, "fields": {"action_time": "2022-08-08T07:37:30.909Z", "user": 1, "content_type": 7, "object_id": "3", "object_repr": "Government Gandhi Memorial Science College", "action_flag": 2, "change_message": "[{\"changed\": {\"fields\": [\"University\"]}}]"}}, {"model": "admin.logentry", "pk": 8, "fields": {"action_time": "2022-08-08T07:37:53.324Z", "user": 1, "content_type": 7, "object_id": "2", "object_repr": "Test Institute", "action_flag": 2, "change_message": "[{\"changed\": {\"fields\": [\"Hod\", \"University\"]}}]"}}, {"model": "admin.logentry", "pk": 9, "fields": {"action_time": "2022-08-11T07:28:50.196Z", "user": 3, "content_type": 10, "object_id": "3", "object_repr": "BIOLOGY", "action_flag": 2, "change_message": "[{\"changed\": {\"fields\": [\"Hod\"]}}]"}}, {"model": "admin.logentry", "pk": 10, "fields": {"action_time": "2022-08-11T07:29:54.199Z", "user": 3, "content_type": 10, "object_id": "7", "object_repr": "COMPUTER SCIENCE", "action_flag": 2, "change_message": "[{\"changed\": {\"fields\": [\"Teacher\", \"Course\", \"College\"]}}]"}}, {"model": "admin.logentry", "pk": 11, "fields": {"action_time": "2022-08-11T07:31:43.785Z", "user": 3, "content_type": 10, "object_id": "7", "object_repr": "COMPUTER SCIENCE", "action_flag": 2, "change_message": "[{\"changed\": {\"fields\": [\"Hod\"]}}]"}}, {"model": "admin.logentry", "pk": 12, "fields": {"action_time": "2022-08-17T14:35:19.850Z", "user": 1, "content_type": 7, "object_id": "13", "object_repr": "A Test College", "action_flag": 2, "change_message": "[{\"changed\": {\"fields\": [\"Hod\"]}}]"}}, {"model": "admin.logentry", "pk": 13, "fields": {"action_time": "2022-09-21T12:02:32.750Z", "user": 1, "content_type": 11, "object_id": "1", "object_repr": "Test Stduent", "action_flag": 1, "change_message": "[{\"added\": {}}]"}}, {"model": "admin.logentry", "pk": 14, "fields": {"action_time": "2022-09-21T12:03:12.343Z", "user": 1, "content_type": 11, "object_id": "2", "object_repr": "Test 2 Student", "action_flag": 1, "change_message": "[{\"added\": {}}]"}}, {"model": "admin.logentry", "pk": 15, "fields": {"action_time": "2022-09-21T13:37:44.975Z", "user": 1, "content_type": 11, "object_id": "3", "object_repr": "wfgehjfeue gehwkgdehkegej", "action_flag": 1, "change_message": "[{\"added\": {}}]"}}, {"model": "admin.logentry", "pk": 16, "fields": {"action_time": "2022-09-21T13:42:50.425Z", "user": 1, "content_type": 11, "object_id": "4", "object_repr": "bbrftebrerrr nbrnrnrnr", "action_flag": 1, "change_message": "[{\"added\": {}}]"}}, {"model": "admin.logentry", "pk": 17, "fields": {"action_time": "2022-09-21T13:45:42.851Z", "user": 1, "content_type": 11, "object_id": "5", "object_repr": "brfrg brb", "action_flag": 1, "change_message": "[{\"added\": {}}]"}}, {"model": "admin.logentry", "pk": 18, "fields": {"action_time": "2022-09-21T13:46:15.916Z", "user": 1, "content_type": 11, "object_id": "6", "object_repr": "dfewff eefef", "action_flag": 1, "change_message": "[{\"added\": {}}]"}}, {"model": "admin.logentry", "pk": 19, "fields": {"action_time": "2022-09-21T13:52:49.428Z", "user": 1, "content_type": 11, "object_id": "7", "object_repr": "efefef fefefe", "action_flag": 1, "change_message": "[{\"added\": {}}]"}}, {"model": "admin.logentry", "pk": 20, "fields": {"action_time": "2022-09-21T13:54:33.426Z", "user": 1, "content_type": 11, "object_id": "8", "object_repr": "fbfedngnfg fhnh fhgdf hgdhng", "action_flag": 1, "change_message": "[{\"added\": {}}]"}}, {"model": "admin.logentry", "pk": 21, "fields": {"action_time": "2022-09-21T13:55:34.846Z", "user": 1, "content_type": 11, "object_id": "9", "object_repr": "fgegee egege", "action_flag": 1, "change_message": "[{\"added\": {}}]"}}, {"model": "admin.logentry", "pk": 22, "fields": {"action_time": "2022-09-21T14:00:16.020Z", "user": 1, "content_type": 11, "object_id": "10", "object_repr": "cwwdw dww", "action_flag": 1, "change_message": "[{\"added\": {}}]"}}, {"model": "admin.logentry", "pk": 23, "fields": {"action_time": "2022-09-21T14:02:17.699Z", "user": 1, "content_type": 11, "object_id": "11", "object_repr": "bdmnb,djfdjk vdhnkfjbrk", "action_flag": 1, "change_message": "[{\"added\": {}}]"}}, {"model": "admin.logentry", "pk": 24, "fields": {"action_time": "2022-09-21T14:02:42.733Z", "user": 1, "content_type": 11, "object_id": "12", "object_repr": "rbdffd gfdgfdgd", "action_flag": 1, "change_message": "[{\"added\": {}}]"}}, {"model": "admin.logentry", "pk": 25, "fields": {"action_time": "2022-09-21T14:03:14.548Z", "user": 1, "content_type": 11, "object_id": "13", "object_repr": "fewfefe effe", "action_flag": 1, "change_message": "[{\"added\": {}}]"}}, {"model": "admin.logentry", "pk": 26, "fields": {"action_time": "2022-09-21T14:04:41.749Z", "user": 1, "content_type": 11, "object_id": "14", "object_repr": "teteg efewf", "action_flag": 1, "change_message": "[{\"added\": {}}]"}}, {"model": "admin.logentry", "pk": 27, "fields": {"action_time": "2022-09-23T13:42:39.984Z", "user": 1, "content_type": 12, "object_id": "1", "object_repr": "Test Class 1", "action_flag": 1, "change_message": "[{\"added\": {}}]"}}, {"model": "admin.logentry", "pk": 28, "fields": {"action_time": "2022-09-23T13:43:37.577Z", "user": 1, "content_type": 12, "object_id": "1", "object_repr": "Test Class 1", "action_flag": 2, "change_message": "[{\"changed\": {\"fields\": [\"Session end\"]}}]"}}, {"model": "admin.logentry", "pk": 29, "fields": {"action_time": "2022-09-25T17:46:32.297Z", "user": 1, "content_type": 11, "object_id": "15", "object_repr": "Testa Student", "action_flag": 3, "change_message": ""}}, {"model": "admin.logentry", "pk": 30, "fields": {"action_time": "2022-09-25T17:46:32.300Z", "user": 1, "content_type": 11, "object_id": "14", "object_repr": "teteg efewf", "action_flag": 3, "change_message": ""}}, {"model": "admin.logentry", "pk": 31, "fields": {"action_time": "2022-09-25T17:46:32.302Z", "user": 1, "content_type": 11, "object_id": "13", "object_repr": "fewfefe effe", "action_flag": 3, "change_message": ""}}, {"model": "admin.logentry", "pk": 32, "fields": {"action_time": "2022-09-27T07:18:47.600Z", "user": 1, "content_type": 11, "object_id": "16", "object_repr": "Testa Student", "action_flag": 1, "change_message": "[{\"added\": {}}]"}}, {"model": "admin.logentry", "pk": 33, "fields": {"action_time": "2022-09-27T07:20:12.931Z", "user": 1, "content_type": 13, "object_id": "1", "object_repr": "Testa", "action_flag": 1, "change_message": "[{\"added\": {}}]"}}, {"model": "admin.logentry", "pk": 34, "fields": {"action_time": "2022-09-27T07:24:50.655Z", "user": 1, "content_type": 11, "object_id": "17", "object_repr": "thgettre regrge", "action_flag": 1, "change_message": "[{\"added\": {}}]"}}, {"model": "admin.logentry", "pk": 35, "fields": {"action_time": "2022-09-27T07:26:17.652Z", "user": 1, "content_type": 11, "object_id": "18", "object_repr": "ewrew e e fwefwe", "action_flag": 1, "change_message": "[{\"added\": {}}]"}}, {"model": "admin.logentry", "pk": 36, "fields": {"action_time": "2022-09-27T07:32:39.791Z", "user": 1, "content_type": 11, "object_id": "19", "object_repr": "ty j fhtg hgf f hgfhg fhg", "action_flag": 1, "change_message": "[{\"added\": {}}]"}}, {"model": "admin.logentry", "pk": 37, "fields": {"action_time": "2022-09-27T09:20:55.657Z", "user": 1, "content_type": 11, "object_id": "19", "object_repr": "ty j fhtg hgf f hgfhg fhg", "action_flag": 3, "change_message": ""}}, {"model": "admin.logentry", "pk": 38, "fields": {"action_time": "2022-09-29T10:35:24.389Z", "user": 1, "content_type": 13, "object_id": "2", "object_repr": "Testa", "action_flag": 1, "change_message": "[{\"added\": {}}]"}}, {"model": "admin.logentry", "pk": 39, "fields": {"action_time": "2022-09-29T11:50:01.417Z", "user": 1, "content_type": 13, "object_id": "3", "object_repr": "Testa", "action_flag": 1, "change_message": "[{\"added\": {}}]"}}, {"model": "admin.logentry", "pk": 40, "fields": {"action_time": "2022-09-29T12:09:48.255Z", "user": 1, "content_type": 13, "object_id": "4", "object_repr": "Testa", "action_flag": 1, "change_message": "[{\"added\": {}}]"}}, {"model": "admin.logentry", "pk": 41, "fields": {"action_time": "2022-09-29T12:11:05.095Z", "user": 1, "content_type": 13, "object_id": "5", "object_repr": "Testa", "action_flag": 1, "change_message": "[{\"added\": {}}]"}}, {"model": "admin.logentry", "pk": 42, "fields": {"action_time": "2022-09-29T12:12:20.695Z", "user": 1, "content_type": 13, "object_id": "6", "object_repr": "Testa", "action_flag": 1, "change_message": "[{\"added\": {}}]"}}, {"model": "admin.logentry", "pk": 43, "fields": {"action_time": "2022-09-29T12:14:00.494Z", "user": 1, "content_type": 13, "object_id": "7", "object_repr": "Testa", "action_flag": 1, "change_message": "[{\"added\": {}}]"}}, {"model": "admin.logentry", "pk": 44, "fields": {"action_time": "2022-09-29T12:14:08.465Z", "user": 1, "content_type": 13, "object_id": "7", "object_repr": "Testa", "action_flag": 2, "change_message": "[{\"changed\": {\"fields\": [\"For class\"]}}]"}}, {"model": "admin.logentry", "pk": 45, "fields": {"action_time": "2022-09-29T12:15:09.637Z", "user": 1, "content_type": 13, "object_id": "8", "object_repr": "Testa", "action_flag": 1, "change_message": "[{\"added\": {}}]"}}, {"model": "admin.logentry", "pk": 46, "fields": {"action_time": "2022-09-29T12:15:20.429Z", "user": 1, "content_type": 13, "object_id": "9", "object_repr": "Testa", "action_flag": 1, "change_message": "[{\"added\": {}}]"}}, {"model": "admin.logentry", "pk": 47, "fields": {"action_time": "2022-09-29T12:15:29.621Z", "user": 1, "content_type": 13, "object_id": "10", "object_repr": "Testa", "action_flag": 1, "change_message": "[{\"added\": {}}]"}}, {"model": "admin.logentry", "pk": 48, "fields": {"action_time": "2022-09-29T12:15:51.819Z", "user": 1, "content_type": 13, "object_id": "11", "object_repr": "Testa", "action_flag": 1, "change_message": "[{\"added\": {}}]"}}, {"model": "sessions.session", "pk": "cpfyowym1mc8bmctfwxm51g068eb41rh", "fields": {"session_data": ".eJxVjMsOwiAQRf-FtSFAebp07zeQYQakaiAp7cr479qkC93ec859sQjbWuM28hJnYmcm2el3S4CP3HZAd2i3zrG3dZkT3xV-0MGvnfLzcrh_BxVG_dZ50hahOIEleTmBE1a45BWCkpoC-oA65ESEWKRRyjphgjDKhGSCJ8XeH-zPN6c:1oKf0Y:AUXM2iW0faHv6BpNZZtJ2GvXe8LT56ivWHbx-TPMbEc", "expire_date": "2022-08-21T12:03:50.308Z"}}, {"model": "sessions.session", "pk": "ib45thltoexzpjvx4e9soqt03grbnq1o", "fields": {"session_data": ".eJxVjMEOwiAQRP-FsyFStrDr0bvfQIAFqRpISnsy_rtt0oOeJpn3Zt7C-XUpbu1pdhOLixjE6bcLPj5T3QE_fL03GVtd5inIXZEH7fLWOL2uh_t3UHwv21rHAJqz2pIYUeNAxiSjPFjIIZNCCEQKEDQkiwYpeGbK59HwaAnE5wvXRzdI:1o14f1:oJFOzBteqtwMGKKQCIA3c3Sv3lie5KcmtmELVM1yYO0", "expire_date": "2022-06-28T11:24:39.482Z"}}, {"model": "sessions.session", "pk": "iggrfqjgcrnypa03bjsueqmr60i0sdru", "fields": {"session_data": ".eJxVjMsOwiAQRf-FtSFAebp07zeQYQakaiAp7cr479qkC93ec859sQjbWuM28hJnYmcm2el3S4CP3HZAd2i3zrG3dZkT3xV-0MGvnfLzcrh_BxVG_dZ50hahOIEleTmBE1a45BWCkpoC-oA65ESEWKRRyjphgjDKhGSCJ8XeH-zPN6c:1oA4aG:xilihU0wVBngbOmLCj8uDX83dCXX5_s_hs4-goY7Qks", "expire_date": "2022-07-23T07:08:56.321Z"}}, {"model": "sessions.session", "pk": "iu28yrmiw25i3bunazuufrtmc6tyfgaa", "fields": {"session_data": ".eJxVjMsOwiAQRf-FtSFCGR4u3fcbyMwAUjU0Ke3K-O_apAvd3nPOfYmI21rj1vMSpyQuQonT70bIj9x2kO7YbrPkua3LRHJX5EG7HOeUn9fD_Tuo2Ou3Ll5ngmBZEVLWnL1ycC7gqWiXGIdUwLrAnrRxUJBCCoOxJjA4Z6CI9wcFFThW:1nuz47:TFk7qeNSC0k911D6N7vlHe4LzraamokJEEBwC2EkVnQ", "expire_date": "2022-06-11T16:13:23.889Z"}}, {"model": "sessions.session", "pk": "jawzt2zdyd3dhfx7mv3upxw0u93farbi", "fields": {"session_data": ".eJxVjMsOwiAQRf-FtSFAebp07zeQYQakaiAp7cr479qkC93ec859sQjbWuM28hJnYmcm2el3S4CP3HZAd2i3zrG3dZkT3xV-0MGvnfLzcrh_BxVG_dZ50hahOIEleTmBE1a45BWCkpoC-oA65ESEWKRRyjphgjDKhGSCJ8XeH-zPN6c:1oawbX:kZAG1IWSiPTR9X7dfpqECyzEZY2Ficztdxobb-gXqUs", "expire_date": "2022-10-05T10:05:19.993Z"}}, {"model": "sessions.session", "pk": "leuww5dng3m8n2f3fogbx32jamjek7yn", "fields": {"session_data": ".eJxVjMEOwiAQRP-FsyFStrDr0bvfQIAFqRpISnsy_rtt0oOeJpn3Zt7C-XUpbu1pdhOLixjE6bcLPj5T3QE_fL03GVtd5inIXZEH7fLWOL2uh_t3UHwv21rHAJqz2pIYUeNAxiSjPFjIIZNCCEQKEDQkiwYpeGbK59HwaAnE5wvXRzdI:1nvEWM:YtKFeh2JscNIS8NDQ4LZrqkvXpNfoDcqgIbsnbgqA9s", "expire_date": "2022-06-12T08:43:34.485Z"}}, {"model": "sessions.session", "pk": "ly5ghzplas2weq2jk5ld58e0lqeuiido", "fields": {"session_data": ".eJxVjEEOwiAQRe_C2hAoOIBL9z0DmWFAqoYmpV0Z765NutDtf-_9l4i4rTVuPS9xYnERRpx-N8L0yG0HfMd2m2Wa27pMJHdFHrTLceb8vB7u30HFXr-1RYTgh-IwsbUFDLikjUpnG4gUMBEwECWlMziEAug52FCGwNoGb8T7A_G_OBM:1oM2bi:Gc_9gHJEPKt9OKxKVhBldW6WekndnIoa51Dhm4KJy-g", "expire_date": "2022-08-25T07:27:54.124Z"}}, {"model": "sessions.session", "pk": "p7wdadr9brsietfhiiya2rl6rkwudioq", "fields": {"session_data": ".eJxVjMsOwiAQRf-FtSFCGR4u3fcbyMwAUjU0Ke3K-O_apAvd3nPOfYmI21rj1vMSpyQuQonT70bIj9x2kO7YbrPkua3LRHJX5EG7HOeUn9fD_Tuo2Ou3Ll5ngmBZEVLWnL1ycC7gqWiXGIdUwLrAnrRxUJBCCoOxJjA4Z6CI9wcFFThW:1o2TCC:nfcCc5x7AqnaHiTgpnlPapLl6pPSvjhDH3wsm_axrZY", "expire_date": "2022-07-02T07:48:40.788Z"}}, {"model": "sessions.session", "pk": "rjlztznnw31sj0y98a9xh29a9bq44n19", "fields": {"session_data": ".eJxVjMsOwiAQRf-FtSG8y7h07zcQBgapGkhKuzL-uzbpQrf3nHNfLMRtrWEbtIQ5szMz7PS7YUwPajvI99hunafe1mVGviv8oINfe6bn5XD_Dmoc9Vtb4Y3GEh15I_NkiyJC4a0hJwCsB40gIhmpygTghEYHViZUWhSjtWPvD8r7Nsc:1nvEDE:P7032BOCQTuLE7rMFMzUtZemfxE2uCVz13JaIVm73DY", "expire_date": "2022-06-12T08:23:48.300Z"}}, {"model": "sessions.session", "pk": "swmrqmhdqztmn544ks926f4bhw32ren5", "fields": {"session_data": ".eJxVjEEOwiAQRe_C2hDKUCgu3XsGMjMMUjVtUtqV8e7apAvd_vfef6mE21rT1mRJY1ZnBer0uxHyQ6Yd5DtOt1nzPK3LSHpX9EGbvs5ZnpfD_Tuo2Oq37jKCBOuch95bip130RTL6AIbBrFDoAAEsQT0ECV7Moaj6S2VQZDV-wPGuzeg:1nvb93:45zRJLeyzEkasYFYtNsmC-iUrvTATHFR4AUmurZHNG0", "expire_date": "2022-06-13T08:53:01.438Z"}}, {"model": "sessions.session", "pk": "vn4eyw5zw13oaidth469odlun8xbijw2", "fields": {"session_data": ".eJxVjMsOwiAQRf-FtSFAebp07zeQYQakaiAp7cr479qkC93ec859sQjbWuM28hJnYmcm2el3S4CP3HZAd2i3zrG3dZkT3xV-0MGvnfLzcrh_BxVG_dZ50hahOIEleTmBE1a45BWCkpoC-oA65ESEWKRRyjphgjDKhGSCJ8XeH-zPN6c:1omI4X:jmTYmjk-P3QUAUWXnWNKVr5CZgmwUNBXPnfReLPFtj0", "expire_date": "2022-11-05T17:14:09.806Z"}}, {"model": "sessions.session", "pk": "vwwcof284rhpacan4zxvmgsjd9vyhrvr", "fields": {"session_data": ".eJxVjMsOwiAQRf-FtSFAebp07zeQYQakaiAp7cr479qkC93ec859sQjbWuM28hJnYmcm2el3S4CP3HZAd2i3zrG3dZkT3xV-0MGvnfLzcrh_BxVG_dZ50hahOIEleTmBE1a45BWCkpoC-oA65ESEWKRRyjphgjDKhGSCJ8XeH-zPN6c:1oU5IO:lJEcAHUvJ06wmxSAI4IZGnri6v7uS_tQKJzpF4vF54U", "expire_date": "2022-09-16T11:57:12.512Z"}}, {"model": "user.user", "pk": 1, "fields": {"password": "argon2$argon2id$v=19$m=102400,t=2,p=8$RmRvYngwR3gzWVNySHpodmIwZFZ5eA$Mf6/9K+fwn5VVoXUmtGGgDJt/TbMdLknPU4KlnCFH+8", "last_login": "2022-10-22T17:14:09.802Z", "is_superuser": true, "email": "wrench1815@protonmail.com", "mobile": "0123456789", "address": "Test Address", "district": "Jammu", "first_name": "Hardeep", "last_name": "Kumar", "profile_image": "https://res.cloudinary.com/upasthiti/image/upload/v1663838492/profile_image/xredsvwj84xix0lzzjsd.jpg", "profile_image_public_id": "profile_image/xredsvwj84xix0lzzjsd", "gender": "Male", "date_added": "2022-05-28T15:57:33Z", "is_active": true, "is_admin": true, "is_staff": true, "is_principal": false, "is_hod": false, "is_teacher": false, "groups": [], "user_permissions": []}}, {"model": "user.user", "pk": 2, "fields": {"password": "argon2$argon2id$v=19$m=102400,t=2,p=8$M0lFVlVMMElzVEtVeFIyT01WOFQycQ$uiowhHzhvxvUZyID8JZ6XWQzGt32Lv9qU7E+Aj5XXBM", "last_login": "2022-06-14T11:24:39.479Z", "is_superuser": true, "email": "preeti@mail.com", "mobile": null, "address": null, "district": "Jammu", "first_name": "Preeti", "last_name": "Chib", "profile_image": "https://res.cloudinary.com/upasthiti/image/upload/v1656417423/defaults/user-default.png", "profile_image_public_id": null, "gender": "Female", "date_added": "2022-05-28T16:15:13Z", "is_active": true, "is_admin": true, "is_staff": true, "is_principal": true, "is_hod": false, "is_teacher": false, "groups": [], "user_permissions": []}}, {"model": "user.user", "pk": 3, "fields": {"password": "argon2$argon2id$v=19$m=102400,t=2,p=8$TnoxMXdmTjlQcnd6NHB5SVpoejNEQg$PliMSf/yRMUgJdx9wm6wzkCzSMDTYE2CvRmoN1xO05c", "last_login": "2022-08-11T07:27:54.121Z", "is_superuser": true, "email": "ridhi@mail.com", "mobile": "9087355672", "address": "jammu", "district": "Jammu", "first_name": "Ridhima", "last_name": "Jain", "profile_image": "https://res.cloudinary.com/upasthiti/image/upload/v1656417423/defaults/user-default.png", "profile_image_public_id": null, "gender": "Female", "date_added": "2022-05-28T16:15:32.510Z", "is_active": true, "is_admin": true, "is_staff": true, "is_principal": false, "is_hod": false, "is_teacher": false, "groups": [], "user_permissions": []}}, {"model": "user.user", "pk": 4, "fields": {"password": "argon2$argon2id$v=19$m=102400,t=2,p=8$cFdWOHdIeGpFV253anZqOTRDcmE0TA$kkY6jdlC8eFQ8G8DoGDEEHfaPzKyuy2zBDtGsMWU/o4", "last_login": "2022-05-29T08:23:48.296Z", "is_superuser": true, "email": "anmol@mail.com", "mobile": "0123456789", "address": "Test Test", "district": "Jammu", "first_name": "Anmol", "last_name": "Sharma", "profile_image": "https://res.cloudinary.com/upasthiti/image/upload/v1656417423/defaults/user-default.png", "profile_image_public_id": null, "gender": "Male", "date_added": "2022-05-28T16:15:46.908Z", "is_active": true, "is_admin": true, "is_staff": true, "is_principal": true, "is_hod": true, "is_teacher": true, "groups": [], "user_permissions": []}}, {"model": "user.user", "pk": 6, "fields": {"password": "argon2$argon2id$v=19$m=102400,t=2,p=8$SmZyeXJldlZvUUwzd29Eb2txczM5dQ$lzaxwgLyetoqhZ+mymXQaUo8JhjGgCuFt+wTDLAMt5A", "last_login": null, "is_superuser": false, "email": "principal@user.com", "mobile": null, "address": null, "district": "Jammu", "first_name": "Principal", "last_name": "User", "profile_image": "https://res.cloudinary.com/upasthiti/image/upload/v1656417423/defaults/user-default.png", "profile_image_public_id": null, "gender": "Male", "date_added": "2022-06-11T22:05:42.714Z", "is_active": true, "is_admin": false, "is_staff": false, "is_principal": true, "is_hod": false, "is_teacher": false, "groups": [], "user_permissions": []}}, {"model": "user.user", "pk": 11, "fields": {"password": "argon2$argon2id$v=19$m=102400,t=2,p=8$VnN0NjVqY3RCMU9KVXFqb01IRWNNbA$aAWLSk4t/l59gsAJSQqoJC5X3B/UEtpsqmn9xNBFadU", "last_login": null, "is_superuser": false, "email": "hod@user.com", "mobile": null, "address": null, "district": "Jammu", "first_name": "Hod", "last_name": "User", "profile_image": "https://res.cloudinary.com/upasthiti/image/upload/v1656417423/defaults/user-default.png", "profile_image_public_id": null, "gender": "Male", "date_added": "2022-06-12T15:10:23.458Z", "is_active": true, "is_admin": false, "is_staff": false, "is_principal": false, "is_hod": true, "is_teacher": true, "groups": [], "user_permissions": []}}, {"model": "user.user", "pk": 13, "fields": {"password": "argon2$argon2id$v=19$m=102400,t=2,p=8$ODV2c2RmQ3pXVktLSkJvS1dxeVM5cQ$/03Iq0R19gfH5EfqWgMpqUzxVyv09CB9xO1MSxlY9ow", "last_login": null, "is_superuser": false, "email": "teacher@user.com", "mobile": null, "address": null, "district": "Jammu", "first_name": "Teacher", "last_name": "User", "profile_image": "https://res.cloudinary.com/upasthiti/image/upload/v1656417423/defaults/user-default.png", "profile_image_public_id": null, "gender": "Male", "date_added": "2022-06-12T15:16:12.781Z", "is_active": true, "is_admin": false, "is_staff": false, "is_principal": false, "is_hod": false, "is_teacher": true, "groups": [], "user_permissions": []}}, {"model": "user.user", "pk": 14, "fields": {"password": "argon2$argon2id$v=19$m=102400,t=2,p=8$dE42UWh6cll3NUwzSm5ubnlPa0xTOA$HkuKALsklh22t/CdBS661fWoAdXf1QXElLUsJRO9MlI", "last_login": null, "is_superuser": false, "email": "principalb@user.com", "mobile": null, "address": null, "district": "Jammu", "first_name": "PrincipalB", "last_name": "User", "profile_image": "https://res.cloudinary.com/upasthiti/image/upload/v1656417423/defaults/user-default.png", "profile_image_public_id": null, "gender": "Female", "date_added": "2022-06-14T19:32:45.229Z", "is_active": true, "is_admin": false, "is_staff": false, "is_principal": true, "is_hod": false, "is_teacher": false, "groups": [], "user_permissions": []}}, {"model": "user.user", "pk": 17, "fields": {"password": "argon2$argon2id$v=19$m=102400,t=2,p=8$dk15VXhXMWNjaXVybHE0akc3U3VHdA$KyDutYufsrhZ7JMGf3xM6j5CHqOaKrJUgRPPO41Y9L4", "last_login": null, "is_superuser": false, "email": "drsourabh@mail.com", "mobile": null, "address": null, "district": "Jammu", "first_name": "Sourabh", "last_name": "Kumar", "profile_image": "https://res.cloudinary.com/upasthiti/image/upload/v1656417423/defaults/user-default.png", "profile_image_public_id": null, "gender": "Male", "date_added": "2022-06-15T12:33:23.314Z", "is_active": true, "is_admin": true, "is_staff": false, "is_principal": false, "is_hod": false, "is_teacher": false, "groups": [], "user_permissions": []}}, {"model": "user.user", "pk": 33, "fields": {"password": "argon2$argon2id$v=19$m=102400,t=2,p=8$dTdGdk1jSzBDSkl5enJobUdEUW55RQ$ym46d3uylmHbI8rJZuTCw+OPvjhWW+BcvT0wa8UHMKA", "last_login": null, "is_superuser": false, "email": "isha@mail.com", "mobile": "1234667899", "address": "dtfyugihoj", "district": "Jammu", "first_name": "Isha", "last_name": "Gupta", "profile_image": "https://res.cloudinary.com/upasthiti/image/upload/v1663835876/defaults/user-default.png", "profile_image_public_id": "profile_image/tpllebacyy9o3ofbm7ca", "gender": "Female", "date_added": "2022-07-12T05:30:11.645Z", "is_active": true, "is_admin": true, "is_staff": false, "is_principal": false, "is_hod": false, "is_teacher": false, "groups": [], "user_permissions": []}}, {"model": "user.user", "pk": 35, "fields": {"password": "argon2$argon2id$v=19$m=102400,t=2,p=8$Sm52dE1pWHVzWjRVZHZIeTRKV2E5dw$rdNp5pLvSjyqoiyXnqNlJ5ZCyaNCYjrQyCEI5jzI1T8", "last_login": null, "is_superuser": false, "email": "hodb@user.com", "mobile": null, "address": null, "district": "Jammu", "first_name": "Hodb", "last_name": "user", "profile_image": "https://res.cloudinary.com/upasthiti/image/upload/v1656417423/defaults/user-default.png", "profile_image_public_id": "", "gender": "Female", "date_added": "2022-08-11T07:20:27.310Z", "is_active": true, "is_admin": false, "is_staff": false, "is_principal": false, "is_hod": true, "is_teacher": false, "groups": [], "user_permissions": []}}, {"model": "user.user", "pk": 36, "fields": {"password": "argon2$argon2id$v=19$m=102400,t=2,p=8$dlMxckZFa2U2eFhnNjAyNElRZXdsTQ$c80MPNK/UXFJUzqp8PCFt5sUMMj0m4x3cpSOJKXdtxM", "last_login": null, "is_superuser": false, "email": "hodc@user.com", "mobile": null, "address": null, "district": "Jammu", "first_name": "HODc", "last_name": "User", "profile_image": "https://res.cloudinary.com/upasthiti/image/upload/v1656417423/defaults/user-default.png", "profile_image_public_id": "", "gender": "Female", "date_added": "2022-08-11T07:21:15.539Z", "is_active": true, "is_admin": false, "is_staff": false, "is_principal": false, "is_hod": true, "is_teacher": false, "groups": [], "user_permissions": []}}, {"model": "user.user", "pk": 37, "fields": {"password": "argon2$argon2id$v=19$m=102400,t=2,p=8$dkZMdEJaSlh1MmRlbUduNmJLenlzOQ$yx+OG/YTe5zRFoLtcsFQwBxKRXKOM9gwCPNP5aElm7o", "last_login": null, "is_superuser": false, "email": "aprincipaluser@mail.com", "mobile": null, "address": null, "district": "Jammu", "first_name": "PrincipalA", "last_name": "User", "profile_image": "https://res.cloudinary.com/upasthiti/image/upload/v1656417423/defaults/user-default.png", "profile_image_public_id": "", "gender": "Male", "date_added": "2022-08-11T09:28:46.517Z", "is_active": true, "is_admin": false, "is_staff": false, "is_principal": true, "is_hod": false, "is_teacher": false, "groups": [], "user_permissions": []}}, {"model": "user.user", "pk": 38, "fields": {"password": "argon2$argon2id$v=19$m=102400,t=2,p=8$b25QUzU0Q2VOcVdNNEt0Z0ZUTmNNUw$WjVAxZ9EiG0mZ6HBsBQQdiOWqxr1kwZUnkNqQp0nMxw", "last_login": null, "is_superuser": false, "email": "bprincipaluser@mail.com", "mobile": null, "address": null, "district": "Jammu", "first_name": "PrincipalB", "last_name": "User", "profile_image": "https://res.cloudinary.com/upasthiti/image/upload/v1656417423/defaults/user-default.png", "profile_image_public_id": "", "gender": "Female", "date_added": "2022-08-11T09:29:24.229Z", "is_active": true, "is_admin": false, "is_staff": false, "is_principal": true, "is_hod": false, "is_teacher": false, "groups": [], "user_permissions": []}}, {"model": "user.user", "pk": 39, "fields": {"password": "argon2$argon2id$v=19$m=102400,t=2,p=8$NjRicjFWNXM4WFI1NUFxc2xnR2ozOQ$tqNdy2ckiDz/wmt7KA31Y9pq+aUnfrSqT51KMOizvfI", "last_login": null, "is_superuser": false, "email": "cprincipaluser@mail.com", "mobile": null, "address": null, "district": "Jammu", "first_name": "PrincipalC", "last_name": "User", "profile_image": "https://res.cloudinary.com/upasthiti/image/upload/v1656417423/defaults/user-default.png", "profile_image_public_id": "", "gender": "Female", "date_added": "2022-08-11T09:30:15.052Z", "is_active": true, "is_admin": false, "is_staff": false, "is_principal": true, "is_hod": false, "is_teacher": false, "groups": [], "user_permissions": []}}, {"model": "user.user", "pk": 40, "fields": {"password": "argon2$argon2id$v=19$m=102400,t=2,p=8$dGZsZHVHQzNhVHZ6MkxzeDBCb3p1cg$xknHXQNCaeWVf35Wzxr77Jxqp9LXep5f3r+NkqeZf70", "last_login": null, "is_superuser": false, "email": "dprincipaluser@mail.com", "mobile": null, "address": null, "district": "Jammu", "first_name": "PrincipalD", "last_name": "User", "profile_image": "https://res.cloudinary.com/upasthiti/image/upload/v1656417423/defaults/user-default.png", "profile_image_public_id": "", "gender": "Male", "date_added": "2022-08-11T09:30:46.330Z", "is_active": true, "is_admin": false, "is_staff": false, "is_principal": true, "is_hod": false, "is_teacher": false, "groups": [], "user_permissions": []}}, {"model": "user.user", "pk": 41, "fields": {"password": "argon2$argon2id$v=19$m=102400,t=2,p=8$N0dLaDhaUU5uUkk3NVpYeEU2aTZHcg$wcHIoBVzUocVrlHq+8LPDfq6qYank7oVohZ1aaGUvWY", "last_login": null, "is_superuser": false, "email": "eprincipaluser@mail.com", "mobile": null, "address": null, "district": "Jammu", "first_name": "PrincipalE", "last_name": "User", "profile_image": "https://res.cloudinary.com/upasthiti/image/upload/v1656417423/defaults/user-default.png", "profile_image_public_id": "", "gender": "Male", "date_added": "2022-08-11T09:31:24.924Z", "is_active": true, "is_admin": false, "is_staff": false, "is_principal": true, "is_hod": false, "is_teacher": false, "groups": [], "user_permissions": []}}, {"model": "user.user", "pk": 42, "fields": {"password": "argon2$argon2id$v=19$m=102400,t=2,p=8$V2JQbTJDNWxtYk1iM2JKQkJYNm9PVw$dQQa+tc6kZ0oW6Nw7lVsJsTI1UTB7XBqynDjeT6acCY", "last_login": null, "is_superuser": false, "email": "fprincipaluser@mail.com", "mobile": null, "address": null, "district": "Jammu", "first_name": "PrincipalF", "last_name": "User", "profile_image": "https://res.cloudinary.com/upasthiti/image/upload/v1656417423/defaults/user-default.png", "profile_image_public_id": "", "gender": "Male", "date_added": "2022-08-11T09:31:57.769Z", "is_active": true, "is_admin": false, "is_staff": false, "is_principal": true, "is_hod": false, "is_teacher": false, "groups": [], "user_permissions": []}}, {"model": "user.user", "pk": 43, "fields": {"password": "argon2$argon2id$v=19$m=102400,t=2,p=8$RlJPMHl4Nm5zU1o4eVFEdUVyd2Racw$98g8wjD65OHtS9lPwYqBaamowjh3IrBMsbUr4B9ZUOQ", "last_login": null, "is_superuser": false, "email": "gprincipaluser@mail.com", "mobile": null, "address": null, "district": "Jammu", "first_name": "PrincipalG", "last_name": "User", "profile_image": "https://res.cloudinary.com/upasthiti/image/upload/v1656417423/defaults/user-default.png", "profile_image_public_id": "", "gender": "Female", "date_added": "2022-08-11T09:32:27.671Z", "is_active": true, "is_admin": false, "is_staff": false, "is_principal": true, "is_hod": false, "is_teacher": false, "groups": [], "user_permissions": []}}, {"model": "user.user", "pk": 44, "fields": {"password": "argon2$argon2id$v=19$m=102400,t=2,p=8$U1MyaEFQdmlIS2xTUWVKdHRnMDVKdA$CjomrhbT6g4sJLL6AqwyEcMOYkpDrBmNlRpqaVTMMII", "last_login": null, "is_superuser": false, "email": "hprincipaluser@mail.com", "mobile": null, "address": null, "district": "Jammu", "first_name": "PrincipalH", "last_name": "User", "profile_image": "https://res.cloudinary.com/upasthiti/image/upload/v1656417423/defaults/user-default.png", "profile_image_public_id": "", "gender": "Male", "date_added": "2022-08-11T09:33:26.628Z", "is_active": true, "is_admin": false, "is_staff": false, "is_principal": true, "is_hod": false, "is_teacher": false, "groups": [], "user_permissions": []}}, {"model": "user.user", "pk": 45, "fields": {"password": "argon2$argon2id$v=19$m=102400,t=2,p=8$VnYzYlhkYng5aG16SnRzSW1BMUh3cA$RbRRsz7tU5h5W+RXG0ml2ZABDPS3cjEcOpFmFYLbWVo", "last_login": null, "is_superuser": false, "email": "iprincipaluser@mail.com", "mobile": null, "address": null, "district": "Jammu", "first_name": "PrincipalI", "last_name": "User", "profile_image": "https://res.cloudinary.com/upasthiti/image/upload/v1656417423/defaults/user-default.png", "profile_image_public_id": "", "gender": "Female", "date_added": "2022-08-11T09:33:59.327Z", "is_active": true, "is_admin": false, "is_staff": false, "is_principal": true, "is_hod": false, "is_teacher": false, "groups": [], "user_permissions": []}}, {"model": "user.user", "pk": 46, "fields": {"password": "argon2$argon2id$v=19$m=102400,t=2,p=8$WlNFQjZKcnQ3S01VWG42T2I0Uk5ZNQ$fzd/rfOy7dy4YW6uk39UYYoDLT1JwWPT30MNnKIhyKk", "last_login": null, "is_superuser": false, "email": "jprincipaluser@mail.com", "mobile": "0123456789", "address": "Test Address", "district": "Bandipore", "first_name": "PrincipalJ", "last_name": "User", "profile_image": "https://res.cloudinary.com/upasthiti/image/upload/v1656417423/defaults/user-default.png", "profile_image_public_id": "", "gender": "Female", "date_added": "2022-08-11T09:34:37.758Z", "is_active": true, "is_admin": false, "is_staff": false, "is_principal": true, "is_hod": false, "is_teacher": false, "groups": [], "user_permissions": []}}, {"model": "user.user", "pk": 64, "fields": {"password": "argon2$argon2id$v=19$m=102400,t=2,p=8$RE5JRzN6UHZVd00zNlA5MjRNNzc4cw$7yms20kPxVlzPS4XxDYnS5VkyawIWD5qGm7oeWs5rg8", "last_login": null, "is_superuser": false, "email": "dwdw@dew.efef", "mobile": "3223232223", "address": "22efeeeeefe", "district": "Bandipore", "first_name": "dwwwdw", "last_name": "dwdwwd", "profile_image": "https://res.cloudinary.com/upasthiti/image/upload/v1656417423/defaults/user-default.png", "profile_image_public_id": "", "gender": "Female", "date_added": "2022-08-23T16:35:03.131Z", "is_active": true, "is_admin": false, "is_staff": false, "is_principal": true, "is_hod": false, "is_teacher": false, "groups": [], "user_permissions": []}}, {"model": "user.user", "pk": 65, "fields": {"password": "argon2$argon2id$v=19$m=102400,t=2,p=8$TjhNR1pCV0twYzBSaHRJQ1ZKdEg1WA$KU5xcDHBS0fihSZsKOXkFf4d1Csuuwu52swGZNy/Sqc", "last_login": null, "is_superuser": false, "email": "de@fe.uku", "mobile": "23222322323", "address": "eewefefe", "district": "Bandipore", "first_name": "ewdde", "last_name": "ede", "profile_image": "https://res.cloudinary.com/upasthiti/image/upload/v1656417423/defaults/user-default.png", "profile_image_public_id": "", "gender": "Male", "date_added": "2022-08-23T16:40:29.533Z", "is_active": true, "is_admin": false, "is_staff": false, "is_principal": true, "is_hod": false, "is_teacher": false, "groups": [], "user_permissions": []}}, {"model": "user.user", "pk": 66, "fields": {"password": "argon2$argon2id$v=19$m=102400,t=2,p=8$Z1dnSU04TVMxS2k4TkJNb3ZZV0FBYw$9F83NVa3WZlH1NaoiFelV4KLYfPW0mM6Mix43lMX2JM", "last_login": null, "is_superuser": false, "email": "fefe@vfrgr.jytj", "mobile": "34343433434", "address": "feeefefefe", "district": "Anantnag", "first_name": "fefef", "last_name": "efe", "profile_image": "https://res.cloudinary.com/upasthiti/image/upload/v1656417423/defaults/user-default.png", "profile_image_public_id": "", "gender": "Female", "date_added": "2022-08-23T16:44:09.285Z", "is_active": true, "is_admin": false, "is_staff": false, "is_principal": true, "is_hod": false, "is_teacher": false, "groups": [], "user_permissions": []}}, {"model": "user.user", "pk": 67, "fields": {"password": "argon2$argon2id$v=19$m=102400,t=2,p=8$Vlg0UHFwdW55b3lydGx6eFN3OW1qQg$cGUtco+gU718QBrdXWi9PuT1choBl9cwV0lkdDrgcp0", "last_login": null, "is_superuser": false, "email": "fefe@ferf.ujkuj", "mobile": "323323322323", "address": "eefefe", "district": "Bandipore", "first_name": "eefef", "last_name": "fefe", "profile_image": "https://res.cloudinary.com/upasthiti/image/upload/v1656417423/defaults/user-default.png", "profile_image_public_id": "", "gender": "Rather not Say", "date_added": "2022-08-23T16:46:09.468Z", "is_active": true, "is_admin": false, "is_staff": false, "is_principal": true, "is_hod": false, "is_teacher": false, "groups": [], "user_permissions": []}}, {"model": "user.user", "pk": 68, "fields": {"password": "argon2$argon2id$v=19$m=102400,t=2,p=8$RngxVHp1RGJXVlRUdFlDUlA2SG5MeQ$F7+7iTdcS350rQnqDbpTn1zQn1xlO7Malia8KSldI6I", "last_login": null, "is_superuser": false, "email": "dwd!ewdd@de.hjyt", "mobile": "3222323232", "address": "233edeede", "district": "Bandipore", "first_name": "dewdwe", "last_name": "dwede", "profile_image": "https://res.cloudinary.com/upasthiti/image/upload/v1656417423/defaults/user-default.png", "profile_image_public_id": "", "gender": "Male", "date_added": "2022-08-23T17:14:47.956Z", "is_active": true, "is_admin": false, "is_staff": false, "is_principal": true, "is_hod": false, "is_teacher": false, "groups": [], "user_permissions": []}}, {"model": "user.user", "pk": 69, "fields": {"password": "argon2$argon2id$v=19$m=102400,t=2,p=8$RjVaSmdBVW8zUTRNZGc0Rm4xQjdJbQ$VTLMTXO5AD2fTaeujlACkfLCruuCQkksBmu1W8CFQyE", "last_login": null, "is_superuser": false, "email": "efe@ergeg.jyj", "mobile": "3232322222", "address": "eweefefe", "district": "Bandipore", "first_name": "ewe", "last_name": "fefe", "profile_image": "https://res.cloudinary.com/upasthiti/image/upload/v1656417423/defaults/user-default.png", "profile_image_public_id": "", "gender": "Female", "date_added": "2022-08-23T17:16:47.621Z", "is_active": true, "is_admin": false, "is_staff": false, "is_principal": true, "is_hod": false, "is_teacher": false, "groups": [], "user_permissions": []}}, {"model": "user.user", "pk": 70, "fields": {"password": "argon2$argon2id$v=19$m=102400,t=2,p=8$QWRNWDJWMjhoQmc1YTZjWG5jcDlEMw$uP/MZQ1RKLXbN+4KQiwlXnGwP1Ni+MbRDcy6jPxgWeU", "last_login": null, "is_superuser": false, "email": "wdwd@wfer.jy", "mobile": "2233233222", "address": "wdwdwddw", "district": "Baramulla", "first_name": "dwdwd", "last_name": "dwdw", "profile_image": "https://res.cloudinary.com/upasthiti/image/upload/v1656417423/defaults/user-default.png", "profile_image_public_id": "", "gender": "Rather not Say", "date_added": "2022-08-23T17:18:39.742Z", "is_active": true, "is_admin": false, "is_staff": false, "is_principal": true, "is_hod": false, "is_teacher": false, "groups": [], "user_permissions": []}}, {"model": "user.user", "pk": 71, "fields": {"password": "argon2$argon2id$v=19$m=102400,t=2,p=8$YkpYZVVQeHBnWEg3WXJKWjlWb3I4aw$HdZcHPbBLADjgWXZCrVE9cCIguF5I0QSaQsDKOl0tzw", "last_login": null, "is_superuser": false, "email": "efe@vfr.frfgr", "mobile": "34344343434", "address": "fefef", "district": "Bandipore", "first_name": "defde", "last_name": "efef", "profile_image": "https://res.cloudinary.com/upasthiti/image/upload/v1656417423/defaults/user-default.png", "profile_image_public_id": "", "gender": "Female", "date_added": "2022-08-23T17:20:59.979Z", "is_active": true, "is_admin": false, "is_staff": false, "is_principal": true, "is_hod": false, "is_teacher": false, "groups": [], "user_permissions": []}}, {"model": "user.user", "pk": 72, "fields": {"password": "argon2$argon2id$v=19$m=102400,t=2,p=8$V2xaMklUOUtqekJsREJyTFdJS3VKcQ$h1E7kx+R7AnYP3SwE6SITmpiaJhD4mgQy3fCCRnH2zM", "last_login": null, "is_superuser": false, "email": "dw@fer.yjyj", "mobile": "3232323222", "address": "fefeefefe", "district": "Bandipore", "first_name": "wde", "last_name": "dwd", "profile_image": "https://res.cloudinary.com/upasthiti/image/upload/v1656417423/defaults/user-default.png", "profile_image_public_id": "", "gender": "Male", "date_added": "2022-08-23T17:26:47.303Z", "is_active": true, "is_admin": false, "is_staff": false, "is_principal": true, "is_hod": false, "is_teacher": false, "groups": [], "user_permissions": []}}, {"model": "user.user", "pk": 73, "fields": {"password": "argon2$argon2id$v=19$m=102400,t=2,p=8$V3FnWkxEd01mc2MwdmMwUFFQT3BvdA$WJcx4o2yh2D2U9ogfMMmFE+JjUcsl8yzKzT/BU+V1gc", "last_login": null, "is_superuser": false, "email": "www@gfrgr.yjyj", "mobile": "33232232323", "address": "fewfewfwfwf", "district": "Bandipore", "first_name": "dwdwdw", "last_name": "wdwdw", "profile_image": "https://res.cloudinary.com/upasthiti/image/upload/v1656417423/defaults/user-default.png", "profile_image_public_id": "", "gender": "Female", "date_added": "2022-08-23T17:28:10.707Z", "is_active": true, "is_admin": false, "is_staff": false, "is_principal": true, "is_hod": false, "is_teacher": false, "groups": [], "user_permissions": []}}, {"model": "user.user", "pk": 74, "fields": {"password": "argon2$argon2id$v=19$m=102400,t=2,p=8$c053TTRpakFTVm1WdWprQXU5ODNyaQ$jW++AYfaef4YyGG0cNCSM9JOenebtrtZulnx4S3OyDg", "last_login": null, "is_superuser": false, "email": "dwdw@frgr.grgr", "mobile": "3232322222", "address": "fefefefefefef", "district": "Anantnag", "first_name": "wdw", "last_name": "wwgr", "profile_image": "https://res.cloudinary.com/upasthiti/image/upload/v1656417423/defaults/user-default.png", "profile_image_public_id": "", "gender": "Female", "date_added": "2022-08-23T17:35:14.367Z", "is_active": true, "is_admin": false, "is_staff": false, "is_principal": true, "is_hod": false, "is_teacher": false, "groups": [], "user_permissions": []}}, {"model": "user.user", "pk": 75, "fields": {"password": "argon2$argon2id$v=19$m=102400,t=2,p=8$SUxXcWVGa0piTlpDbkttdkloY252VA$gzOkm4cBOFCCr9RG/BKp6isNiDg9qyr8+J838kpNcuU", "last_login": null, "is_superuser": false, "email": "effe@fefe.efe", "mobile": "2323233232", "address": "feefef", "district": "Bandipore", "first_name": "feef", "last_name": "fefe", "profile_image": "https://res.cloudinary.com/upasthiti/image/upload/v1656417423/defaults/user-default.png", "profile_image_public_id": "", "gender": "Rather not Say", "date_added": "2022-08-23T17:39:26.921Z", "is_active": true, "is_admin": false, "is_staff": false, "is_principal": true, "is_hod": false, "is_teacher": false, "groups": [], "user_permissions": []}}, {"model": "user.user", "pk": 76, "fields": {"password": "argon2$argon2id$v=19$m=102400,t=2,p=8$aVJoYlduS0xPZWFDSnF3R0o5TEpuag$dyOg7yps1IuDG5zS5CtLYgDxrZK/+DiXuNndcOHh+z8", "last_login": null, "is_superuser": false, "email": "fee@efe.th", "mobile": "3232323232", "address": "frgrrbr", "district": "Bandipore", "first_name": "efe", "last_name": "efef", "profile_image": "https://res.cloudinary.com/upasthiti/image/upload/v1656417423/defaults/user-default.png", "profile_image_public_id": "", "gender": "Female", "date_added": "2022-08-23T17:44:40.132Z", "is_active": true, "is_admin": false, "is_staff": false, "is_principal": true, "is_hod": false, "is_teacher": false, "groups": [], "user_permissions": []}}, {"model": "user.user", "pk": 77, "fields": {"password": "argon2$argon2id$v=19$m=102400,t=2,p=8$Tm40SjRIb0NZMzBTaWhVN0FQTW9FaA$I00mQk2OpQ3PGH73cJXb8iv7hGl3i6T95pGU8Uo68TU", "last_login": null, "is_superuser": false, "email": "dwdw@dw.dwd", "mobile": "3232323222", "address": "fffeeefe", "district": "Anantnag", "first_name": "ewdw", "last_name": "dwd", "profile_image": "https://res.cloudinary.com/upasthiti/image/upload/v1656417423/defaults/user-default.png", "profile_image_public_id": "", "gender": "Male", "date_added": "2022-08-23T17:46:23.949Z", "is_active": true, "is_admin": false, "is_staff": false, "is_principal": true, "is_hod": false, "is_teacher": false, "groups": [], "user_permissions": []}}, {"model": "user.user", "pk": 78, "fields": {"password": "argon2$argon2id$v=19$m=102400,t=2,p=8$NnR5MDlzQm5NbG9jOWxoWWRiNWd3Uw$7jdZs5UymhHsYGraeV+fY4CaL+KuzRmZ9qkiflu4/kU", "last_login": null, "is_superuser": false, "email": "fe@frg.grgr", "mobile": "4343433434", "address": "vevevevg", "district": "Anantnag", "first_name": "fef", "last_name": "efef", "profile_image": "https://res.cloudinary.com/upasthiti/image/upload/v1656417423/defaults/user-default.png", "profile_image_public_id": "", "gender": "Female", "date_added": "2022-08-23T17:49:52.172Z", "is_active": true, "is_admin": false, "is_staff": false, "is_principal": true, "is_hod": false, "is_teacher": false, "groups": [], "user_permissions": []}}, {"model": "user.user", "pk": 79, "fields": {"password": "argon2$argon2id$v=19$m=102400,t=2,p=8$eExSNUltbWdhWWNXdldpYUZHVkIwYw$BJWktbbA8pK5HuUGasEOExIax2IHng26sgLhY8bxU10", "last_login": null, "is_superuser": false, "email": "dwdw@fdwe.uyku", "mobile": "3232342323", "address": "fdweefefeffe", "district": "Bandipore", "first_name": "wdwd", "last_name": "dwdw", "profile_image": "https://res.cloudinary.com/upasthiti/image/upload/v1656417423/defaults/user-default.png", "profile_image_public_id": "", "gender": "Male", "date_added": "2022-08-23T17:51:13.227Z", "is_active": true, "is_admin": false, "is_staff": false, "is_principal": true, "is_hod": false, "is_teacher": false, "groups": [], "user_permissions": []}}, {"model": "user.user", "pk": 80, "fields": {"password": "argon2$argon2id$v=19$m=102400,t=2,p=8$MWNUQUN4bkRaMU9XZXFrdm1xNXpkMA$xEsf7FpHojV9T9+iacpQUzGU07N18qvXOURz+L3k5d8", "last_login": null, "is_superuser": false, "email": "wdwd@dwd.dwdw", "mobile": "2322232233", "address": "dwdwdwd", "district": "Anantnag", "first_name": "dwdw", "last_name": "dwdw", "profile_image": "https://res.cloudinary.com/upasthiti/image/upload/v1656417423/defaults/user-default.png", "profile_image_public_id": "", "gender": "Male", "date_added": "2022-08-23T17:52:35.561Z", "is_active": true, "is_admin": false, "is_staff": false, "is_principal": true, "is_hod": false, "is_teacher": false, "groups": [], "user_permissions": []}}, {"model": "user.user", "pk": 81, "fields": {"password": "argon2$argon2id$v=19$m=102400,t=2,p=8$RTc4Y0RoMU1Yb0lJZDVXZEtsMFFHVg$ZhVmyeLTg125K3J8cPHu+cvHodB6oWQqCnFW8VhqHhE", "last_login": null, "is_superuser": false, "email": "dwd@efef.fef", "mobile": "23232332322", "address": "dwdwddwd", "district": "Baramulla", "first_name": "wdwdwd", "last_name": "dwdw", "profile_image": "https://res.cloudinary.com/upasthiti/image/upload/v1656417423/defaults/user-default.png", "profile_image_public_id": "", "gender": "Rather not Say", "date_added": "2022-08-23T17:56:59.904Z", "is_active": true, "is_admin": false, "is_staff": false, "is_principal": true, "is_hod": false, "is_teacher": false, "groups": [], "user_permissions": []}}, {"model": "user.user", "pk": 82, "fields": {"password": "argon2$argon2id$v=19$m=102400,t=2,p=8$SzhLWVVzdlBoclJTOWNXQ05CYlRLbg$igNv42/LKVA6p9vew+SLwYkbsW1XB0qot8wNEpFplRY", "last_login": null, "is_superuser": false, "email": "wdw@deef.fefe", "mobile": "3233232222", "address": "erfggrgrgr", "district": "Bandipore", "first_name": "dwdw", "last_name": "efefefe", "profile_image": "https://res.cloudinary.com/upasthiti/image/upload/v1656417423/defaults/user-default.png", "profile_image_public_id": "", "gender": "Male", "date_added": "2022-08-23T17:57:36.236Z", "is_active": true, "is_admin": false, "is_staff": false, "is_principal": true, "is_hod": false, "is_teacher": false, "groups": [], "user_permissions": []}}, {"model": "user.user", "pk": 83, "fields": {"password": "argon2$argon2id$v=19$m=102400,t=2,p=8$QVQweEhWbFh2TXNnR1ZZckJkMDNZMQ$kXPlJ+M822gjvZQtA4Xz9wq+ZaFqRm8GZe5/8fL4L8U", "last_login": null, "is_superuser": false, "email": "wdw@dwd.dwdw", "mobile": "32323223232", "address": "wddwdwdwdw", "district": "Anantnag", "first_name": "dwdw", "last_name": "wdwd", "profile_image": "https://res.cloudinary.com/upasthiti/image/upload/v1656417423/defaults/user-default.png", "profile_image_public_id": "", "gender": "Female", "date_added": "2022-08-23T17:58:16.020Z", "is_active": true, "is_admin": false, "is_staff": false, "is_principal": true, "is_hod": false, "is_teacher": false, "groups": [], "user_permissions": []}}, {"model": "user.user", "pk": 84, "fields": {"password": "argon2$argon2id$v=19$m=102400,t=2,p=8$eE1mc0xnQjN6ZFVNUEZjcHdHdEc1Nw$7RrwCwECsaaxe7ZnP0QAZuMVxUvjVKVLq9Xk4FSosSk", "last_login": null, "is_superuser": false, "email": "wdw@dwd.dwdwddw", "mobile": "3222332232", "address": "dwwdwd", "district": "Bandipore", "first_name": "dwdw", "last_name": "dww", "profile_image": "https://res.cloudinary.com/upasthiti/image/upload/v1656417423/defaults/user-default.png", "profile_image_public_id": "", "gender": "Male", "date_added": "2022-08-23T18:00:40.693Z", "is_active": true, "is_admin": false, "is_staff": false, "is_principal": true, "is_hod": false, "is_teacher": false, "groups": [], "user_permissions": []}}, {"model": "user.user", "pk": 85, "fields": {"password": "argon2$argon2id$v=19$m=102400,t=2,p=8$QVJTcjlxNFVQUUx3MWZxUHN4N3JXdg$wC382G6Jssiwd/v5JCqKfIkd0YgJwc7TeeZ5E2Micvs", "last_login": null, "is_superuser": false, "email": "Sjsj@djjs.djdj", "mobile": "5646646464", "address": "Zhsjsj", "district": "Bandipore", "first_name": "Sksksj", "last_name": "Djdjsj", "profile_image": "https://res.cloudinary.com/upasthiti/image/upload/v1656417423/defaults/user-default.png", "profile_image_public_id": "", "gender": "Female", "date_added": "2022-08-23T18:09:56.785Z", "is_active": true, "is_admin": false, "is_staff": false, "is_principal": true, "is_hod": false, "is_teacher": false, "groups": [], "user_permissions": []}}, {"model": "user.user", "pk": 86, "fields": {"password": "argon2$argon2id$v=19$m=102400,t=2,p=8$cXEzeHh3dUE2YXJnSUFHYmlKc3ZCNQ$Ev/20WiQhtUI6rtAlBEa8IPfMnu7pZzVAkUW4qfAADE", "last_login": null, "is_superuser": false, "email": "efe@thntj.yjytk", "mobile": "113232323232", "address": "efefefefe", "district": "Bandipore", "first_name": "dfewde", "last_name": "efe", "profile_image": "https://res.cloudinary.com/upasthiti/image/upload/v1656417423/defaults/user-default.png", "profile_image_public_id": "", "gender": "Male", "date_added": "2022-08-25T12:35:57.542Z", "is_active": true, "is_admin": false, "is_staff": false, "is_principal": true, "is_hod": false, "is_teacher": false, "groups": [], "user_permissions": []}}, {"model": "user.user", "pk": 88, "fields": {"password": "argon2$argon2id$v=19$m=102400,t=2,p=8$VjFoYnRWaTB1M1AxdWEzRm9sUFRJdQ$aawBZB1S16tn6+0D+MODcL1vLjLP49FVS5GnDBi7gZk", "last_login": null, "is_superuser": false, "email": "testqwer@teacher.com", "mobile": "1234567890", "address": "vgedhf g bfd  hj", "district": "Anantnag", "first_name": "Testqwer", "last_name": "Teacher", "profile_image": "https://res.cloudinary.com/upasthiti/image/upload/v1663835876/defaults/user-default.png", "profile_image_public_id": "", "gender": "Male", "date_added": "2022-09-26T09:33:25.301Z", "is_active": true, "is_admin": false, "is_staff": false, "is_principal": false, "is_hod": false, "is_teacher": true, "groups": [], "user_permissions": []}}, {"model": "user.user", "pk": 89, "fields": {"password": "argon2$argon2id$v=19$m=102400,t=2,p=8$TjllekNWZWI4ZDZEMmppaFF5c1V3Zg$8cYlsLsK8cb/yFeyNqiKz0dnH5QcxwuATHmPSGL5SQw", "last_login": null, "is_superuser": false, "email": "testqwert@teacher.com", "mobile": "1234567890", "address": "Yydtgdhg eetg hjklf hdgjk hfdg hjk;f sdg hjk;fhdg sjk hn;fhgsljk h", "district": "Baramulla", "first_name": "Testqwert", "last_name": "Teacher", "profile_image": "https://res.cloudinary.com/upasthiti/image/upload/v1663835876/defaults/user-default.png", "profile_image_public_id": "", "gender": "Female", "date_added": "2022-09-26T09:34:54.349Z", "is_active": true, "is_admin": false, "is_staff": false, "is_principal": false, "is_hod": false, "is_teacher": true, "groups": [], "user_permissions": []}}, {"model": "user.user", "pk": 90, "fields": {"password": "argon2$argon2id$v=19$m=102400,t=2,p=8$a0llcUhhcm1PY0VxZWw3YTlDbXBuWA$NhsCX3k+aDGtQUYxBz3XtC/6LDo+al/V8UE+xWPWzUQ", "last_login": null, "is_superuser": false, "email": "testqwerty@teacher.com", "mobile": "1234567890", "address": "gd nyj hjkglf sdg jkhfdgkjdgc,k jhcg", "district": "Doda", "first_name": "Testqwerty", "last_name": "Teacher", "profile_image": "https://res.cloudinary.com/upasthiti/image/upload/v1663835876/defaults/user-default.png", "profile_image_public_id": "", "gender": "Female", "date_added": "2022-09-26T09:36:01.599Z", "is_active": true, "is_admin": false, "is_staff": false, "is_principal": false, "is_hod": false, "is_teacher": true, "groups": [], "user_permissions": []}}, {"model": "user.user", "pk": 91, "fields": {"password": "argon2$argon2id$v=19$m=102400,t=2,p=8$SGV4Qzl0OTB5YlBWQTYwSXVMb3U0Ug$RFOvDIX4ovOiqAwGZ1WN3CmT25DACII6b/hVVTn6CRg", "last_login": null, "is_superuser": false, "email": "testqwertyu@teacher.com", "mobile": "1234567890", "address": "fekhjfr jkhf dbjk hf ghjkf gjk", "district": "Baramulla", "first_name": "Testqwertyu", "last_name": "Teacher", "profile_image": "https://res.cloudinary.com/upasthiti/image/upload/v1663835876/defaults/user-default.png", "profile_image_public_id": "", "gender": "Female", "date_added": "2022-09-26T12:32:25.061Z", "is_active": true, "is_admin": false, "is_staff": false, "is_principal": false, "is_hod": false, "is_teacher": true, "groups": [], "user_permissions": []}}, {"model": "user.user", "pk": 92, "fields": {"password": "argon2$argon2id$v=19$m=102400,t=2,p=8$aHlCeHgwZ3ZTWkhpRmdWdlRzSWJmSg$ygyNrjdRZqAxAYcWV7XyFZ23/kq5GFsAFoolPh1K4Tc", "last_login": null, "is_superuser": false, "email": "testqwertyui@teacher.com", "mobile": "1234567890", "address": "hrj f dghjkfdv g hjkf dghjk", "district": "Baramulla", "first_name": "Testqwertyui", "last_name": "Teacher", "profile_image": "https://res.cloudinary.com/upasthiti/image/upload/v1663835876/defaults/user-default.png", "profile_image_public_id": "", "gender": "Female", "date_added": "2022-09-26T12:33:11.220Z", "is_active": true, "is_admin": false, "is_staff": false, "is_principal": false, "is_hod": true, "is_teacher": true, "groups": [], "user_permissions": []}}, {"model": "user.user", "pk": 93, "fields": {"password": "argon2$argon2id$v=19$m=102400,t=2,p=8$V1JwdkdhMHlteXhiZ283TURqY1A2MA$e4AAe5722Dqiswvs3s6jF/XNI+RoL6GviUGayj9gYRs", "last_login": null, "is_superuser": false, "email": "test@userqwq.com", "mobile": "0123456789", "address": "Test Tes Testg", "district": "Anantnag", "first_name": "Test", "last_name": "Userqwq", "profile_image": "https://res.cloudinary.com/upasthiti/image/upload/v1663835876/defaults/user-default.png", "profile_image_public_id": "", "gender": "Male", "date_added": "2022-09-29T13:27:13.364Z", "is_active": true, "is_admin": false, "is_staff": false, "is_principal": false, "is_hod": true, "is_teacher": false, "groups": [], "user_permissions": []}}, {"model": "user.user", "pk": 95, "fields": {"password": "argon2$argon2id$v=19$m=102400,t=2,p=8$cnZvMk9yNGlvRnJZYWFWQWNRcUttcw$SQ6zBQIw+FfiDLdQvZLUvAXEBUe3Z6en2e5Yh1ZiHqA", "last_login": null, "is_superuser": false, "email": "test@dhdwyj.com", "mobile": "0123456789", "address": "Test Address somewhere", "district": "Baramulla", "first_name": "Test", "last_name": "Test", "profile_image": "https://res.cloudinary.com/upasthiti/image/upload/v1663835876/defaults/user-default.png", "profile_image_public_id": "", "gender": "Female", "date_added": "2022-09-29T14:20:22.377Z", "is_active": true, "is_admin": false, "is_staff": false, "is_principal": false, "is_hod": true, "is_teacher": true, "groups": [], "user_permissions": []}}, {"model": "user.user", "pk": 96, "fields": {"password": "argon2$argon2id$v=19$m=102400,t=2,p=8$OEgyb0hScHFFc3NYSjJ0aXhQSXRYUw$hx7PKSRh6iPLd2e/uOQhvA538cc8TFKiAfhjGL4aKak", "last_login": null, "is_superuser": false, "email": "hodqwer@user.com", "mobile": "0123456789", "address": "Test Address somethere", "district": "Bandipore", "first_name": "Hodqwer", "last_name": "User", "profile_image": "https://res.cloudinary.com/upasthiti/image/upload/v1663835876/defaults/user-default.png", "profile_image_public_id": "", "gender": "Male", "date_added": "2022-10-01T16:13:23.937Z", "is_active": true, "is_admin": false, "is_staff": false, "is_principal": false, "is_hod": true, "is_teacher": true, "groups": [], "user_permissions": []}}, {"model": "user.user", "pk": 97, "fields": {"password": "argon2$argon2id$v=19$m=102400,t=2,p=8$WDNkbXVxc2p0U0VuTHpaQWloeWNPeQ$oD+dYMh5G3yXO3Ou8uqBjqNDaGCBDsKGSEZ72N5NFuo", "last_login": null, "is_superuser": false, "email": "some@teacher.com", "mobile": "0123456789", "address": "Some Address", "district": "Anantnag", "first_name": "Some", "last_name": "Teacher", "profile_image": "https://res.cloudinary.com/upasthiti/image/upload/v1663835876/defaults/user-default.png", "profile_image_public_id": "", "gender": "Male", "date_added": "2022-10-02T11:53:14.700Z", "is_active": true, "is_admin": false, "is_staff": false, "is_principal": false, "is_hod": true, "is_teacher": true, "groups": [], "user_permissions": []}}, {"model": "user.user", "pk": 99, "fields": {"password": "argon2$argon2id$v=19$m=102400,t=2,p=8$dVFScFdmUHNsTTZTeUw1Q2tWWkJhSw$cU9fHIoCm1Wucie95RONAmMnWcP5NJaRJSCfkuZqup4", "last_login": null, "is_superuser": false, "email": "wert@mail.com", "mobile": "2234567890", "address": "dfghjk", "district": "Anantnag", "first_name": "dfghjk", "last_name": "fghjk", "profile_image": "https://res.cloudinary.com/upasthiti/image/upload/v1663835876/defaults/user-default.png", "profile_image_public_id": "", "gender": "Male", "date_added": "2022-10-02T14:40:02.007Z", "is_active": true, "is_admin": false, "is_staff": false, "is_principal": false, "is_hod": false, "is_teacher": true, "groups": [], "user_permissions": []}}, {"model": "student.studentmodel", "pk": 20, "fields": {"first_name": "Testa", "last_name": "User", "email": "testb@user.com", "mobile": "1234567890", "address": "dfr jkhfs dghjkf sdghjk fsdgjkfhdgfh tghj gregr", "district": "Baramulla", "profile_image": "https://res.cloudinary.com/upasthiti/image/upload/v1663834940/defaults/student-default.png", "profile_image_public_id": "", "gender": "Female", "university_roll_no": "91321318428273", "class_roll_no": "30379455611914", "college": 3, "created_on": "2022-09-27T09:40:40.898Z"}}, {"model": "student.studentmodel", "pk": 21, "fields": {"first_name": "ergrgr", "last_name": "grgr", "email": "hfhfgd@grgr.ghrhr", "mobile": "543454454544", "address": "treerertrrter", "district": "Bandipore", "profile_image": "https://res.cloudinary.com/upasthiti/image/upload/v1663834940/defaults/student-default.png", "profile_image_public_id": "", "gender": "Male", "university_roll_no": "78041640064003", "class_roll_no": "18974573199251", "college": 3, "created_on": "2022-09-27T09:41:25.485Z"}}, {"model": "student.studentmodel", "pk": 22, "fields": {"first_name": "dfhjfsdg", "last_name": "fjkhfdghgf", "email": "test@fhjefeu.fneu", "mobile": "5232121212", "address": "f etrrtre trhrt ehytjrh re ytjj", "district": "Bandipore", "profile_image": "https://res.cloudinary.com/upasthiti/image/upload/v1663834940/defaults/student-default.png", "profile_image_public_id": "", "gender": "Male", "university_roll_no": "16318143599323", "class_roll_no": "38176431112739", "college": null, "created_on": "2022-09-27T09:47:26.650Z"}}, {"model": "student.studentmodel", "pk": 23, "fields": {"first_name": "wdw", "last_name": "dwdw", "email": "dwd@dwd.wddw", "mobile": "21211122121", "address": "2wedfew f e gf", "district": "Bandipore", "profile_image": "https://res.cloudinary.com/upasthiti/image/upload/v1663834940/defaults/student-default.png", "profile_image_public_id": "", "gender": "Male", "university_roll_no": "2121", "class_roll_no": "2121", "college": 3, "created_on": "2022-09-27T09:49:09.576Z"}}, {"model": "student.studentmodel", "pk": 25, "fields": {"first_name": "test", "last_name": "user", "email": "testuser@mail.com", "mobile": "1234567890", "address": "Test Address", "district": "Jammu", "profile_image": "https://res.cloudinary.com/upasthiti/image/upload/v1664455680/student_profile_image/w3pnepwjv2aaflypwhet.jpg", "profile_image_public_id": "student_profile_image/w3pnepwjv2aaflypwhet", "gender": "Male", "university_roll_no": "19010010001", "class_roll_no": "7005", "college": 22, "created_on": "2022-09-29T12:48:00.866Z"}}, {"model": "course.coursemodel", "pk": 2, "fields": {"title": "English", "code": "ENG", "university": 11, "is_practical": false, "created_on": "2022-08-26T06:23:31.048Z"}}, {"model": "course.coursemodel", "pk": 3, "fields": {"title": "Mathematics", "code": "MAT101", "university": 1, "is_practical": false, "created_on": "2022-09-24T08:51:27.464Z"}}, {"model": "college.collegemodel", "pk": 2, "fields": {"name": "Test Institute", "address": "Near Eye", "district": "Jammu", "alias_name": "TI", "logo": "https://images.unsplash.com/photo-1494790108377-be9c29b29330", "logo_public_id": null, "website": "https://google.com", "mobile": "0123456789", "email": "test@test.com", "created_on": "2022-06-14T13:28:22Z", "university": 1, "principal": 14, "hod": [11], "teacher": []}}, {"model": "college.collegemodel", "pk": 3, "fields": {"name": "Government Gandhi Memorial Science College", "address": "Jewel, near Dogra Chowk, Jammu, Jammu and Kashmir, India", "district": "Jammu", "alias_name": "GGMSC", "logo": "https://images.unsplash.com/photo-1494790108377-be9c29b29330", "logo_public_id": null, "website": "https://google.com", "mobile": "0123456789", "email": "principal@ggmsc.com", "created_on": "2022-06-14T15:07:29Z", "university": 1, "principal": 6, "hod": [11, 96, 97], "teacher": [97, 88, 92, 96]}}, {"model": "college.collegemodel", "pk": 10, "fields": {"name": "Test College 123", "address": "Test Address 123", "district": "Anantnag", "alias_name": "TEST123", "logo": "https://res.cloudinary.com/upasthiti/image/upload/v1660038680/defaults/college-default.png", "logo_public_id": null, "website": "https://test.com", "mobile": "0123456789", "email": "123@college.com", "created_on": "2022-08-10T09:57:27.353Z", "university": 11, "principal": 45, "hod": [], "teacher": []}}, {"model": "college.collegemodel", "pk": 13, "fields": {"name": "A Test College", "address": "A Test location which noone has ever herad of not even me and dont know if ut exist, 1010101", "district": "Jammu", "alias_name": "ATESTCOLLE", "logo": "https://res.cloudinary.com/upasthiti/image/upload/v1660219320/college_logo/ep0kgygd4vatqk6ikeu8.jpg", "logo_public_id": "college_logo/ep0kgygd4vatqk6ikeu8", "website": "https://test.com", "mobile": "0123456789", "email": "atest@college.com", "created_on": "2022-08-11T09:43:27Z", "university": 8, "principal": 46, "hod": [4, 35, 36], "teacher": []}}, {"model": "college.collegemodel", "pk": 16, "fields": {"name": "efefefe", "address": "fefefefe", "district": "Anantnag", "alias_name": "DED", "logo": "https://res.cloudinary.com/upasthiti/image/upload/v1660038680/defaults/college-default.png", "logo_public_id": "", "website": "http://google.com", "mobile": "32323223232", "email": "efefe@fefe.grg", "created_on": "2022-08-23T16:35:56.425Z", "university": 10, "principal": null, "hod": [], "teacher": []}}, {"model": "college.collegemodel", "pk": 17, "fields": {"name": "gvdvddddv", "address": "vdddvvd", "district": "Anantnag", "alias_name": "SFRF", "logo": "https://res.cloudinary.com/upasthiti/image/upload/v1660038680/defaults/college-default.png", "logo_public_id": "", "website": "http://efyr.efe", "mobile": "3434343434", "email": "vd@fe.htr", "created_on": "2022-08-23T17:15:21.993Z", "university": 11, "principal": null, "hod": [], "teacher": []}}, {"model": "college.collegemodel", "pk": 18, "fields": {"name": "efefefefe", "address": "eefef", "district": "Bandipore", "alias_name": "SDEE", "logo": "https://res.cloudinary.com/upasthiti/image/upload/v1660038680/defaults/college-default.png", "logo_public_id": "", "website": "http://hrhg.hjh", "mobile": "2232322232", "email": "dew@efef.tt", "created_on": "2022-08-23T17:17:23.199Z", "university": 11, "principal": null, "hod": [], "teacher": []}}, {"model": "college.collegemodel", "pk": 19, "fields": {"name": "dwdwdw", "address": "dwdw", "district": "Baramulla", "alias_name": "FRWW", "logo": "https://res.cloudinary.com/upasthiti/image/upload/v1660038680/defaults/college-default.png", "logo_public_id": "", "website": "http://hhtth.jkyj", "mobile": "3323232322", "email": "efdee@egg.ukuku", "created_on": "2022-08-23T17:19:14.686Z", "university": 10, "principal": null, "hod": [], "teacher": []}}, {"model": "college.collegemodel", "pk": 20, "fields": {"name": "dwwd", "address": "dwdw", "district": "Baramulla", "alias_name": "FFDE", "logo": "https://res.cloudinary.com/upasthiti/image/upload/v1660038680/defaults/college-default.png", "logo_public_id": "", "website": "http://test.co", "mobile": "21232232222", "email": "dwed@fdef.jyj", "created_on": "2022-08-23T17:24:13.067Z", "university": 11, "principal": null, "hod": [], "teacher": []}}, {"model": "college.collegemodel", "pk": 21, "fields": {"name": "dwdw", "address": "dwdwd", "district": "Bandipore", "alias_name": "DWQ", "logo": "https://res.cloudinary.com/upasthiti/image/upload/v1660038680/defaults/college-default.png", "logo_public_id": "", "website": "http://teswdwwdwwdwdwdwdt.com", "mobile": "1212121121", "email": "dwdw@fegr.jtt", "created_on": "2022-08-23T17:27:19.580Z", "university": 11, "principal": null, "hod": [], "teacher": []}}, {"model": "college.collegemodel", "pk": 22, "fields": {"name": "dwdwdw", "address": "wdwdw", "district": "Anantnag", "alias_name": "DDE", "logo": "https://res.cloudinary.com/upasthiti/image/upload/v1660038680/defaults/college-default.png", "logo_public_id": "", "website": "http://test.conm", "mobile": "3232323232", "email": "dwdwe@fer.jytjyt", "created_on": "2022-08-23T17:28:38.786Z", "university": 11, "principal": null, "hod": [], "teacher": []}}, {"model": "college.collegemodel", "pk": 23, "fields": {"name": "dwwdwdww", "address": "dwdwdww", "district": "Anantnag", "alias_name": "HEGE", "logo": "https://res.cloudinary.com/upasthiti/image/upload/v1660038680/defaults/college-default.png", "logo_public_id": "", "website": "http://efef.fefe", "mobile": "32222233222", "email": "wdw@fty.jtyrjy", "created_on": "2022-08-23T17:35:47.807Z", "university": 11, "principal": null, "hod": [93], "teacher": [93]}}, {"model": "college.collegemodel", "pk": 24, "fields": {"name": "dwdwwdw", "address": "wdwdwd", "district": "Bandipore", "alias_name": "GRD1", "logo": "https://res.cloudinary.com/upasthiti/image/upload/v1660038680/defaults/college-default.png", "logo_public_id": "", "website": "http://test.com", "mobile": "21212121212", "email": "dww@dwdwd.hththth", "created_on": "2022-08-23T18:01:14.627Z", "university": 11, "principal": null, "hod": [], "teacher": []}}, {"model": "college.collegemodel", "pk": 25, "fields": {"name": "wdwdwwdw", "address": "wwdwdwdwd", "district": "Bandipore", "alias_name": "DEFDED", "logo": "https://res.cloudinary.com/upasthiti/image/upload/v1660038680/defaults/college-default.png", "logo_public_id": "", "website": "https://test.com", "mobile": "22322323232", "email": "ceew@fdewf.htut", "created_on": "2022-08-25T12:36:31.904Z", "university": 10, "principal": null, "hod": [], "teacher": [95]}}, {"model": "college.collegemodel", "pk": 26, "fields": {"name": "dwdw", "address": "sdfgh", "district": "Budgam", "alias_name": "DWQ", "logo": "https://res.cloudinary.com/upasthiti/image/upload/v1660038680/defaults/college-default.png", "logo_public_id": "", "website": "https://dwdw.com/", "mobile": "1234567890", "email": "Dwdw@gmail.com", "created_on": "2022-10-02T11:40:18.990Z", "university": 11, "principal": 83, "hod": [], "teacher": []}}, {"model": "college.collegemodel", "pk": 29, "fields": {"name": "dfgh", "address": "dfghjk", "district": "Doda", "alias_name": "ASDF", "logo": "https://res.cloudinary.com/upasthiti/image/upload/v1660038680/defaults/college-default.png", "logo_public_id": "", "website": "https://ddf.com/", "mobile": "1234567890", "email": "dfgh@mail.com", "created_on": "2022-10-03T09:22:01.206Z", "university": 11, "principal": 85, "hod": [], "teacher": []}}, {"model": "department.departmentmodel", "pk": 13, "fields": {"name": 8, "hod": 11, "teacher": null, "course": null, "college": 3, "created_on": "2022-08-18T08:22:40.447Z"}}, {"model": "department.departmentmodel", "pk": 14, "fields": {"name": 2, "hod": 36, "teacher": null, "course": null, "college": 13, "created_on": "2022-08-18T11:34:24.087Z"}}, {"model": "department.departmentmodel", "pk": 15, "fields": {"name": 1, "hod": 35, "teacher": null, "course": null, "college": 13, "created_on": "2022-08-18T11:36:27.701Z"}}, {"model": "department.departmentmodel", "pk": 16, "fields": {"name": 8, "hod": 4, "teacher": null, "course": null, "college": 13, "created_on": "2022-10-01T14:10:27.517Z"}}, {"model": "department.departmentmodel", "pk": 19, "fields": {"name": 1, "hod": 97, "teacher": null, "course": null, "college": 3, "created_on": "2022-10-02T13:03:00.306Z"}}, {"model": "department.departmentmodel", "pk": 20, "fields": {"name": 9, "hod": 96, "teacher": null, "course": null, "college": 3, "created_on": "2022-10-02T13:03:21.393Z"}}, {"model": "department.departmenttypemodel", "pk": 1, "fields": {"department_name": "BIOLOGY", "created_on": "2022-06-18T07:48:53Z"}}, {"model": "department.departmenttypemodel", "pk": 2, "fields": {"department_name": "COMPUTER SCIENCE", "created_on": "2022-06-18T10:06:08.079Z"}}, {"model": "department.departmenttypemodel", "pk": 8, "fields": {"department_name": "MATHEMATICS", "created_on": "2022-08-13T09:55:59.179Z"}}, {"model": "department.departmenttypemodel", "pk": 9, "fields": {"department_name": "ENGLISH", "created_on": "2022-08-13T09:56:51.943Z"}}, {"model": "department.departmenttypemodel", "pk": 10, "fields": {"department_name": "PHYSICS", "created_on": "2022-08-13T09:57:17.895Z"}}, {"model": "department.departmenttypemodel", "pk": 11, "fields": {"department_name": "CHEMISTRY", "created_on": "2022-08-13T09:57:45.367Z"}}, {"model": "department.departmenttypemodel", "pk": 12, "fields": {"department_name": "GEOLOGY", "created_on": "2022-08-13T09:58:10.276Z"}}, {"model": "department.departmenttypemodel", "pk": 13, "fields": {"department_name": "ELECTRONICS", "created_on": "2022-08-13T09:58:49.067Z"}}, {"model": "department.departmenttypemodel", "pk": 14, "fields": {"department_name": "PHYSICAL EDUCATION", "created_on": "2022-08-13T09:59:28.400Z"}}, {"model": "department.departmenttypemodel", "pk": 15, "fields": {"department_name": "ZOOLOGY", "created_on": "2022-08-13T10:04:19.963Z"}}, {"model": "department.departmenttypemodel", "pk": 16, "fields": {"department_name": "BIO TECHNOLOGY", "created_on": "2022-08-13T10:05:30.423Z"}}, {"model": "department.departmenttypemodel", "pk": 17, "fields": {"department_name": "GEOGRAPHY", "created_on": "2022-08-13T10:06:09.041Z"}}, {"model": "department.departmenttypemodel", "pk": 18, "fields": {"department_name": "BOTANY", "created_on": "2022-10-02T12:17:21.148Z"}}, {"model": "classes.classmodel", "pk": 3, "fields": {"name": "Test Class 3", "code": "ecuysWingcHupb", "session_start": "2022-09-01", "session_end": "2023-03-01", "college": 3, "department": 13, "course": 3, "teacher": 13, "created_on": "2022-09-24T14:42:08.190Z", "student": []}}, {"model": "classes.classmodel", "pk": 4, "fields": {"name": "Test Class 4", "code": "_34epBwi4oU-Jj", "session_start": "2022-09-01", "session_end": "2023-03-01", "college": 3, "department": 13, "course": 3, "teacher": 13, "created_on": "2022-09-24T14:43:06.334Z", "student": []}}, {"model": "classes.classmodel", "pk": 6, "fields": {"name": "Test 5", "code": "OD6Q7X51ak+ZwO", "session_start": "2022-09-01", "session_end": "2023-03-01", "college": 3, "department": 13, "course": 3, "teacher": 81, "created_on": "2022-09-24T14:48:36.926Z", "student": []}}, {"model": "classes.classmodel", "pk": 7, "fields": {"name": "Test Class1 21212", "code": "Nx7_xgOWiS2Okx", "session_start": "2022-09-01", "session_end": "2023-03-01", "college": 3, "department": 13, "course": 3, "teacher": 88, "created_on": "2022-09-26T13:16:35.725Z", "student": []}}, {"model": "classes.classmodel", "pk": 8, "fields": {"name": "Test Class1 21212", "code": "f6L1qK2_zwrP07", "session_start": "2022-09-01", "session_end": "2023-03-01", "college": 3, "department": 13, "course": 3, "teacher": 88, "created_on": "2022-09-26T16:25:42.797Z", "student": []}}, {"model": "classes.classmodel", "pk": 9, "fields": {"name": "Test Class1 21212", "code": "ZI-2oTJOrqQLIn", "session_start": "2022-09-01", "session_end": "2023-03-01", "college": 3, "department": 13, "course": 3, "teacher": 92, "created_on": "2022-09-26T16:28:03.712Z", "student": []}}, {"model": "classes.classmodel", "pk": 14, "fields": {"name": "Test Class 4", "code": "G80mhwkiFCgA2q", "session_start": "2022-10-01", "session_end": "2023-04-01", "college": 3, "department": 13, "course": 3, "teacher": 92, "created_on": "2022-10-01T14:08:21.367Z", "student": [20]}}, {"model": "classes.classmodel", "pk": 15, "fields": {"name": "Test Class 6", "code": "FkcA6xpr9YkCCa", "session_start": "2022-10-01", "session_end": "2023-04-01", "college": 3, "department": 13, "course": 3, "teacher": 96, "created_on": "2022-10-01T16:53:03.374Z", "student": [23, 20, 21]}}, {"model": "classes.classmodel", "pk": 19, "fields": {"name": "A Test Class 01", "code": "3EWdCXyehW3jNP", "session_start": "2022-10-01", "session_end": "2023-04-01", "college": 3, "department": 13, "course": 3, "teacher": 97, "created_on": "2022-10-02T13:00:42.260Z", "student": [23, 20, 21]}}, {"model": "classes.classmodel", "pk": 20, "fields": {"name": "A Test Class 02", "code": "E7mktu-zbzHA3H", "session_start": "2022-10-01", "session_end": "2023-04-01", "college": 3, "department": 20, "course": 2, "teacher": 97, "created_on": "2022-10-02T13:04:30.836Z", "student": [23, 21]}}, {"model": "classes.classmodel", "pk": 22, "fields": {"name": "A Test Class 04", "code": "y4Z4qqIx9LutrU", "session_start": "2022-10-01", "session_end": "2023-04-01", "college": 3, "department": 20, "course": 2, "teacher": 97, "created_on": "2022-10-02T13:42:09.752Z", "student": [20]}}, {"model": "classes.classmodel", "pk": 23, "fields": {"name": "A Test Class 05", "code": "3p5eZ31LFb7LkV", "session_start": "2023-02-01", "session_end": "2023-08-01", "college": 3, "department": 13, "course": 3, "teacher": 97, "created_on": "2022-10-02T13:43:01.896Z", "student": [23, 21]}}, {"model": "classes.classmodel", "pk": 24, "fields": {"name": "A Test Class 06", "code": "xn2p_PfQS-HU2i", "session_start": "2022-10-01", "session_end": "2023-04-01", "college": 3, "department": 13, "course": 2, "teacher": 97, "created_on": "2022-10-02T13:46:21.348Z", "student": [23, 21]}}, {"model": "classes.classmodel", "pk": 26, "fields": {"name": "A Test Class 08", "code": "ysAGn9ta5PAYq5", "session_start": "2022-10-01", "session_end": "2023-04-01", "college": 3, "department": 13, "course": 2, "teacher": 97, "created_on": "2022-10-02T14:17:45.780Z", "student": [23, 21]}}, {"model": "classes.classmodel", "pk": 28, "fields": {"name": "A Test Class 10", "code": "N8ILc3RJ4kc8QR", "session_start": "2022-12-01", "session_end": "2023-06-01", "college": 3, "department": 13, "course": 3, "teacher": 97, "created_on": "2022-10-02T14:25:24.213Z", "student": [23, 21]}}, {"model": "classes.classmodel", "pk": 31, "fields": {"name": "Another Test Class", "code": "z4eA5jJmTjJYlp", "session_start": "2022-11-01", "session_end": "2023-05-01", "college": 3, "department": 20, "course": 2, "teacher": 97, "created_on": "2022-10-07T03:00:10.163Z", "student": [23, 20, 21]}}, {"model": "attendance.attendancemodel", "pk": 12, "fields": {"is_present": true, "is_absent": false, "is_late": false, "date": "2022-10-01", "student": 25, "for_class": null, "created_on": "2022-10-01T10:42:45.800Z"}}, {"model": "attendance.attendancemodel", "pk": 13, "fields": {"is_present": true, "is_absent": false, "is_late": false, "date": "2022-10-02", "student": 20, "for_class": null, "created_on": "2022-10-02T05:56:00.151Z"}}, {"model": "attendance.attendancemodel", "pk": 15, "fields": {"is_present": true, "is_absent": false, "is_late": true, "date": "2022-10-01", "student": 20, "for_class": 15, "created_on": "2022-10-02T06:35:18.763Z"}}, {"model": "attendance.attendancemodel", "pk": 17, "fields": {"is_present": false, "is_absent": true, "is_late": false, "date": "2022-10-06", "student": 23, "for_class": 28, "created_on": "2022-10-06T10:28:01.421Z"}}, {"model": "attendance.attendancemodel", "pk": 18, "fields": {"is_present": false, "is_absent": true, "is_late": false, "date": "2022-10-06", "student": 21, "for_class": 28, "created_on": "2022-10-06T10:28:01.421Z"}}, {"model": "attendance.attendancemodel", "pk": 19, "fields": {"is_present": true, "is_absent": false, "is_late": true, "date": "2022-10-06", "student": 23, "for_class": 28, "created_on": "2022-10-06T11:04:21.484Z"}}, {"model": "attendance.attendancemodel", "pk": 20, "fields": {"is_present": true, "is_absent": false, "is_late": false, "date": "2022-10-06", "student": 21, "for_class": 28, "created_on": "2022-10-06T11:04:21.484Z"}}, {"model": "attendance.attendancemodel", "pk": 21, "fields": {"is_present": false, "is_absent": true, "is_late": false, "date": "2022-10-07", "student": 23, "for_class": 24, "created_on": "2022-10-07T02:58:49.378Z"}}, {"model": "attendance.attendancemodel", "pk": 22, "fields": {"is_present": false, "is_absent": true, "is_late": false, "date": "2022-10-07", "student": 21, "for_class": 24, "created_on": "2022-10-07T02:58:49.378Z"}}, {"model": "attendance.attendancemodel", "pk": 23, "fields": {"is_present": true, "is_absent": false, "is_late": false, "date": "2022-10-07", "student": 23, "for_class": 31, "created_on": "2022-10-07T03:17:42.383Z"}}, {"model": "attendance.attendancemodel", "pk": 24, "fields": {"is_present": true, "is_absent": false, "is_late": false, "date": "2022-10-07", "student": 21, "for_class": 31, "created_on": "2022-10-07T03:17:42.383Z"}}, {"model": "attendance.attendancemodel", "pk": 25, "fields": {"is_present": true, "is_absent": false, "is_late": true, "date": "2022-10-07", "student": 20, "for_class": 31, "created_on": "2022-10-07T03:17:42.383Z"}}, {"model": "attendance.attendancemodel", "pk": 26, "fields": {"is_present": true, "is_absent": false, "is_late": true, "date": "2022-10-07", "student": 23, "for_class": 31, "created_on": "2022-10-07T06:20:31.059Z"}}, {"model": "attendance.attendancemodel", "pk": 27, "fields": {"is_present": true, "is_absent": false, "is_late": false, "date": "2022-10-07", "student": 21, "for_class": 31, "created_on": "2022-10-07T06:20:31.059Z"}}, {"model": "attendance.attendancemodel", "pk": 28, "fields": {"is_present": false, "is_absent": true, "is_late": false, "date": "2022-10-07", "student": 20, "for_class": 31, "created_on": "2022-10-07T06:20:31.060Z"}}, {"model": "attendance.attendancemodel", "pk": 29, "fields": {"is_present": true, "is_absent": false, "is_late": false, "date": "2022-10-07", "student": 23, "for_class": 31, "created_on": "2022-10-07T06:30:18.723Z"}}, {"model": "attendance.attendancemodel", "pk": 30, "fields": {"is_present": true, "is_absent": false, "is_late": true, "date": "2022-10-07", "student": 21, "for_class": 31, "created_on": "2022-10-07T06:30:18.723Z"}}, {"model": "attendance.attendancemodel", "pk": 31, "fields": {"is_present": false, "is_absent": true, "is_late": false, "date": "2022-10-07", "student": 20, "for_class": 31, "created_on": "2022-10-07T06:30:18.723Z"}}, {"model": "university.universitymodel", "pk": 1, "fields": {"name": "cluster university", "address": "jewel chowk,jammu", "alias": "CLUJ", "district": "Jammu", "email": "cluj@gmail.com", "phone_number": "9622908762", "website": null, "logo": "https://res.cloudinary.com/upasthiti/image/upload/v1659796964/university_logo/rfafa72p2sq1hioumbfe.png", "logo_public_id": "university_logo/rfafa72p2sq1hioumbfe", "vice_chancelor": "---", "date_added": "2022-08-06T14:42:09.346Z"}}, {"model": "university.universitymodel", "pk": 2, "fields": {"name": "University 1", "address": "Test Address", "alias": "UNI1", "district": "Anantnag", "email": "uni@1.com", "phone_number": "0123456789", "website": null, "logo": "https://res.cloudinary.com/upasthiti/image/upload/v1659008728/defaults/university-default.png", "logo_public_id": "", "vice_chancelor": "Test Test", "date_added": "2022-08-10T07:20:12.058Z"}}, {"model": "university.universitymodel", "pk": 3, "fields": {"name": "University 2", "address": "Test Test", "alias": "UNI2", "district": "Bandipore", "email": "uni@2.com", "phone_number": "0123456789", "website": null, "logo": "https://res.cloudinary.com/upasthiti/image/upload/v1659008728/defaults/university-default.png", "logo_public_id": "", "vice_chancelor": "Test Test", "date_added": "2022-08-10T07:20:52.560Z"}}, {"model": "university.universitymodel", "pk": 4, "fields": {"name": "University 3", "address": "Test Test", "alias": "UNI3", "district": "Baramulla", "email": "uni@3.com", "phone_number": "0123456789", "website": null, "logo": "https://res.cloudinary.com/upasthiti/image/upload/v1659008728/defaults/university-default.png", "logo_public_id": "", "vice_chancelor": "Test Test", "date_added": "2022-08-10T07:21:26.275Z"}}, {"model": "university.universitymodel", "pk": 5, "fields": {"name": "University 4", "address": "Test test", "alias": "UNI4", "district": "Bandipore", "email": "uni@4.com", "phone_number": "0123456789", "website": null, "logo": "https://res.cloudinary.com/upasthiti/image/upload/v1659008728/defaults/university-default.png", "logo_public_id": "", "vice_chancelor": "Test Test", "date_added": "2022-08-10T07:22:02.167Z"}}, {"model": "university.universitymodel", "pk": 6, "fields": {"name": "Univesity 5", "address": "Test Test", "alias": "UNI5", "district": "Bandipore", "email": "uni@5.com", "phone_number": "0123456789", "website": null, "logo": "https://res.cloudinary.com/upasthiti/image/upload/v1659008728/defaults/university-default.png", "logo_public_id": "", "vice_chancelor": "Test Test", "date_added": "2022-08-10T07:22:41.291Z"}}, {"model": "university.universitymodel", "pk": 7, "fields": {"name": "University 6", "address": "Test Test", "alias": "UNI5", "district": "Jammu", "email": "uni@5.com", "phone_number": "0123456789", "website": null, "logo": "https://res.cloudinary.com/upasthiti/image/upload/v1659008728/defaults/university-default.png", "logo_public_id": "", "vice_chancelor": "Test Test", "date_added": "2022-08-10T07:23:20.878Z"}}, {"model": "university.universitymodel", "pk": 8, "fields": {"name": "University 7", "address": "Test Test", "alias": "UNI7", "district": "Baramulla", "email": "uni@7.com", "phone_number": "0123456789", "website": null, "logo": "https://res.cloudinary.com/upasthiti/image/upload/v1659008728/defaults/university-default.png", "logo_public_id": "", "vice_chancelor": "Test Test", "date_added": "2022-08-10T07:23:56.646Z"}}, {"model": "university.universitymodel", "pk": 9, "fields": {"name": "University 8", "address": "Test Test", "alias": "UNI8", "district": "Anantnag", "email": "uni@8.com", "phone_number": "0123456789", "website": null, "logo": "https://res.cloudinary.com/upasthiti/image/upload/v1659008728/defaults/university-default.png", "logo_public_id": "", "vice_chancelor": "Test Test", "date_added": "2022-08-10T07:24:27.323Z"}}, {"model": "university.universitymodel", "pk": 10, "fields": {"name": "University 9", "address": "Test Test", "alias": "UNI9", "district": "Bandipore", "email": "uni@9.com", "phone_number": "0123456789", "website": null, "logo": "https://res.cloudinary.com/upasthiti/image/upload/v1659008728/defaults/university-default.png", "logo_public_id": "", "vice_chancelor": "Test Test", "date_added": "2022-08-10T07:25:03.507Z"}}, {"model": "university.universitymodel", "pk": 11, "fields": {"name": "University 10", "address": "Test Test", "alias": "UNI10", "district": "Doda", "email": "uni@10.com", "phone_number": "0123456789", "website": null, "logo": "https://res.cloudinary.com/upasthiti/image/upload/v1659008728/defaults/university-default.png", "logo_public_id": "", "vice_chancelor": "Test Test", "date_added": "2022-08-10T07:25:53.012Z"}}, {"model": "university.universitymodel", "pk": 14, "fields": {"name": "University3", "address": "sdfgh", "alias": "UNI3", "district": "Ganderbal", "email": "Uni3@mail.com", "phone_number": "1234567890", "website": null, "logo": "https://res.cloudinary.com/upasthiti/image/upload/v1659008728/defaults/university-default.png", "logo_public_id": "", "vice_chancelor": "vc3", "date_added": "2022-10-02T11:25:43.145Z"}}]